QCPU(Q”∞ƒﬁ),Q00JCPU,30,250,250
QCPU(Q”∞ƒﬁ),Q00UJCPU,80,260,260
QCPU(Q”∞ƒﬁ),Q00CPU,31,251,251
QCPU(Q”∞ƒﬁ),Q00UCPU,81,261,261
QCPU(Q”∞ƒﬁ),Q01CPU,32,252,252
QCPU(Q”∞ƒﬁ),Q01UCPU,82,262,262
QCPU(Q”∞ƒﬁ),Q02CPU,22,41,41
QCPU(Q”∞ƒﬁ),Q02HCPU,22,41,41
QCPU(Q”∞ƒﬁ),Q06HCPU,23,42,42
QCPU(Q”∞ƒﬁ),Q12HCPU,24,43,43
QCPU(Q”∞ƒﬁ),Q25HCPU,25,44,44
QCPU(Q”∞ƒﬁ),Q02PHCPU,45,41,41
QCPU(Q”∞ƒﬁ),Q06PHCPU,46,42,42
QCPU(Q”∞ƒﬁ),Q12PHCPU,41,43,43
QCPU(Q”∞ƒﬁ),Q25PHCPU,42,44,44
QCPU(Q”∞ƒﬁ),Q12PRHCPU,43,4B,4B
QCPU(Q”∞ƒﬁ),Q25PRHCPU,44,4C,4C
QCPU(Q”∞ƒﬁ),Q02UCPU,83,263,263
QCPU(Q”∞ƒﬁ),Q03UDCPU,70,268,268
QCPU(Q”∞ƒﬁ),Q04UDHCPU,71,269,269
QCPU(Q”∞ƒﬁ),Q06UDHCPU,72,26A,26A
QCPU(Q”∞ƒﬁ),Q10UDHCPU,75,266,266
QCPU(Q”∞ƒﬁ),Q13UDHCPU,73,26B,26B
QCPU(Q”∞ƒﬁ),Q20UDHCPU,76,267,267
QCPU(Q”∞ƒﬁ),Q26UDHCPU,74,26C,26C
QCPU(Q”∞ƒﬁ),Q03UDECPU,90,268,268
QCPU(Q”∞ƒﬁ),Q04UDEHCPU,91,269,269
QCPU(Q”∞ƒﬁ),Q06UDEHCPU,92,26A,26A
QCPU(Q”∞ƒﬁ),Q10UDEHCPU,95,266,266
QCPU(Q”∞ƒﬁ),Q13UDEHCPU,93,26B,26B
QCPU(Q”∞ƒﬁ),Q20UDEHCPU,96,267,267
QCPU(Q”∞ƒﬁ),Q26UDEHCPU,94,26C,26C
QSCPU,QS001CPU,60,230,Å|
QCPU(A”∞ƒﬁ),Q02CPU-A,141,141,141
QCPU(A”∞ƒﬁ),Q02HCPU-A,141,141,141
QCPU(A”∞ƒﬁ),Q06HCPU-A,142,142,142
QnACPU,Q2ACPU,11,21,21
QnACPU,Q2ACPU-S1,12,22,22
QnACPU,Q2ASCPU,11,21,21
QnACPU,Q2ASCPU-S1,12,22,22
QnACPU,Q2ASHCPU,11,21,21
QnACPU,Q2ASHCPU-S1,12,22,22
QnACPU,Q3ACPU,13,23,23
QnACPU,Q4ACPU,14,24,24
QnACPU,Q4ARCPU,14,24,24
ACPU,A0J2HCPU,102,98,98
ACPU,A1SCPU,104,98,98
ACPU,A1SCPUC24-R2,104,98,98
ACPU,A1SHCPU,105,A3,A3
ACPU,A1SJCPU,104,98,98
ACPU,A1SJHCPU,105,A3,A3
ACPU,A1NCPU,106,A1,A1
ACPU,A2CCPU,107,9A,9A
ACPU,A2CCPUC24,107,9A,9A
ACPU,A2CCPUC24-PRF,107,9A,9A
ACPU,A2CJCPU,107,9A,9A
ACPU,A2NCPU,108,A2,A2
ACPU,A2NCPU-S1,108,A2,A2
ACPU,A2SCPU,108,A2,A2
ACPU,A2SHCPU,109,A3,A3
ACPU,A2ACPU,10C,92,93
ACPU,A2ACPU-S1,10C,93,93
ACPU,A2ACPUP21/R21,10C,92,93
ACPU,A2ACPUP21/R21-S1,10C,93,93
ACPU,A2UCPU,10E,82,82
ACPU,A2UCPU-S1,10E,83,82
ACPU,A2USCPU,10E,82,82
ACPU,A2USCPU-S1,10E,83,82
ACPU,A2USHCPU-S1,10F,84,84
ACPU,A3NCPU,10A,A3,A3
ACPU,A3ACPU,10D,94,94
ACPU,A3ACPUP21/R21,10D,94,94
ACPU,A3UCPU,110,84,84
ACPU,A4UCPU,111,85,85
ACPU,A1FXCPU,103,A2,A2
FXCPU,FX0,201,F0,F0
FXCPU,FX0S,201,F0,F0
FXCPU,FX0N,202,8E,8E
FXCPU,FX1,203,F1,F1
FXCPU,FX1S,206,F2,F2
FXCPU,FX1N,207,9E,9E
FXCPU,FX1NC,207,9E,9E
FXCPU,FX2,204,8D,8D
FXCPU,FX2C,204,8D,8D
FXCPU,FX2N,205,9D,9D
FXCPU,FX2NC,205,9D,9D
FXCPU,FX3G,209,F4,F4
FXCPU,FX3U,208,F3,F3
FXCPU,FX3UC,208,F3,F3
”∞ºÆ›∫›ƒ€∞◊(SCPU),A171SHCPU,601,A3,A3
”∞ºÆ›∫›ƒ€∞◊(SCPU),A172SHCPU,602,A3,A3
”∞ºÆ›∫›ƒ€∞◊(SCPU),A173UHCPU,604,84,84
”∞ºÆ›∫›ƒ€∞◊(SCPU),A173UHCPU-S1,604,84,84
”∞ºÆ›∫›ƒ€∞◊(SCPU),A273UHCPU,603,84,84
”∞ºÆ›∫›ƒ€∞◊(SCPU),A273UHCPU-S3,603,84,84
,A70BD-J71AP21,,90,Å|
,A70BD-J71QLP23(G),,90,Å|
,A70BD-J71QBR13,,90,Å|
,A70BD-J71QLR23,,90,Å|
,A80BD-J61BT11,,90,Å|
,A80BD-J61BT13,,90,Å|
,A80BD-A2USH-S1,,84,Å|
,Q80BD-J71LP21-25,,90,Å|
,Q80BD-J71LP21G,,90,Å|
,Q80BD-J71BR11,,90,Å|
,GOT,,E340,Å|
